Pendiente,Ordenada
284.1212109916387 ± 0.11009417116063845,0.5333398631726709 ± 0.6831214762982961
