Chi^2 red,R^2,m,b
0.767279132764468,0.9998612829375403,1005.2962316987921+-4.224636457289107,-1.453895842684495+-0.004949995607406547
