Chi^2 red,R^2,m,b
4.186986845606662,0.9974619166851094,0.27117400287517207+-0.0025100406941136505,22.071112240793482+-0.3620613367905732
