Chi^2 red,R^2,m,b
0.8544647773191915,0.9981158326353281,0.8788518057489433+-0.00900444986644171,6.5389839954877775+-0.046040730028770814
